# Ancient / variant character forms -> standard simplified form, for MATCHING ONLY (texts are never altered).
# source: unihan:<field> = derived from the Unicode Unihan database (Unicode License, https://www.unicode.org/license.txt),
#         reviewed against contexts in the Kanripo KR3e corpus; manual = curated for this project from corpus contexts.
# columns: variant<TAB>standard<TAB>source<TAB>note
㑹	会	manual	
㓜	幼	manual	
㕘	参	manual	參
㗋	喉	manual	㗋嚨=喉嚨
㡬	几	manual	幾
㢘	廉	manual	前㢘=前廉
㣲	微	manual	
㦸	戟	manual	大㦸=大戟
㧞	拔	manual	
㪚	散	manual	五苓㪚=五苓散
㫁	断	manual	
㫖	旨	manual	
㬰	臾	manual	須㬰=須臾
㮣	概	manual	
㵼	泻	manual	瀉
㸃	点	manual	
㸔	看	manual	
㹠	豚	manual	
䑓	台	manual	臺
䑕	鼠	manual	
䓤	葱	manual	䓤白=葱白
䓻	蔻	manual	肉豆䓻=肉豆蔻
䔧	藜	manual	䔧蘆=藜蘆
䕶	护	manual	護
䖝	虫	manual	蟲
䖟	虻	manual	
䜴	豉	manual	巵子䜴湯=栀子豉汤
䝉	蒙	manual	
䟽	疏	manual	
䧟	陷	manual	
䨇	双	manual	
乆	久	manual	
乗	乘	manual	
亷	廉	manual	
俛	俯	manual	
兊	兑	manual	
児	儿	manual	
兠	兜	manual	
冐	冒	manual	
冝	宜	manual	
凖	准	manual	
厯	历	manual	
圎	圆	manual	
増	增	manual	
壊	坏	manual	
夲	本	manual	
寛	宽	manual	
寜	宁	manual	
専	专	manual	
巵	栀	manual	巵子=梔子
巻	卷	manual	
帯	带	manual	
従	从	manual	
徳	德	manual	
徴	征	manual	
恱	悦	manual	
恵	惠	manual	
悪	恶	manual	
悮	误	manual	
愼	慎	manual	
懐	怀	manual	
掲	揭	manual	
曽	曾	manual	
柤	楂	manual	
桞	柳	manual	
榖	谷	manual	穀之譌
様	样	manual	
欎	郁	manual	鬱
歛	敛	manual	
歩	步	manual	
毎	每	manual	
氷	冰	manual	
沬	沫	manual	涎沬=涎沫
浄	净	manual	
淸	清	manual	
渇	渴	manual	
渉	涉	manual	
滛	淫	manual	
潄	漱	manual	
焼	烧	manual	
煆	煅	manual	
琖	盏	manual	
畨	番	manual	
痟	消	manual	痟渴=消渴
痩	瘦	manual	
癎	痫	manual	癇
眀	明	manual	
瞖	翳	manual	
穂	穗	manual	
穏	稳	manual	
穣	穰	manual	
箆	篦	manual	
纒	缠	manual	
耎	软	manual	
聴	听	manual	
胷	胸	manual	
臓	脏	manual	
舎	舍	manual	
芁	艽	manual	秦芁=秦艽
苖	苗	manual	
茋	芪	manual	黄茋=黄芪
茰	萸	manual	茱茰=茱萸
荗	茂	manual	
莭	节	manual	
莵	菟	manual	
菉	绿	manual	菉豆=綠豆
蔕	蒂	manual	
蔲	蔻	manual	
蔵	藏	manual	
薫	熏	manual	
蘓	苏	manual	
蘹	茴	manual	蘹香=茴香
虀	齑	manual	
虗	虚	manual	
蝱	虻	manual	
蟇	蟆	manual	
蠧	蠹	manual	
袪	祛	manual	袪風之袪多作祛
褁	裹	manual	
讝	谵	manual	讝語=譫語
谿	溪	manual	太谿=太溪
踈	疏	manual	
逰	游	manual	
逹	达	manual	
逺	远	manual	
邉	边	manual	
醎	咸	manual	鹹
醤	酱	manual	
釡	釜	manual	
錬	炼	manual	
鐡	铁	manual	
靣	面	manual	
頥	颐	manual	
飬	养	manual	
髪	发	manual	髮
鬰	郁	manual	鬱
麺	面	manual	麵
𠻳	嗽	manual	但欲𠻳水=但欲漱水
𢃄	带	manual	帶
𢎞	弘	manual	清諱弘曆缺筆
𢷬	捣	manual	擣
𤓰	瓜	manual	
𤣥	玄	manual	清諱玄燁缺末筆
𤼵	发	manual	發
𥙷	补	manual	補
𦍑	羌	manual	
𧖟	蚕	manual	卧𧖟=卧蠶
𨗳	导	manual	導
𩕄	囟	manual	𩕄會=囟會
𫝊	传	manual	
㐫	凶	unihan:kSemanticVariant	
㐮	襄	unihan:kSemanticVariant	
㒷	兴	unihan:kSemanticVariant	
㓟	披	unihan:kSpecializedSemanticVariant	
㕑	厨	unihan:kSemanticVariant	
㗖	啖	unihan:kSemanticVariant	
㗳	嗒	unihan:kSemanticVariant	
㘅	衔	unihan:kSemanticVariant	
㝃	娩	unihan:kSemanticVariant	
㝛	宿	unihan:kSemanticVariant	
㝵	碍	unihan:kSemanticVariant	
㞐	居	unihan:kSemanticVariant	
㠯	以	unihan:kSemanticVariant	
㠶	帆	unihan:kSemanticVariant	
㣼	忍	unihan:kSemanticVariant	
㨗	捷	unihan:kSemanticVariant	
㪯	举	unihan:kSemanticVariant	
㭨	椰	unihan:kSemanticVariant	
㯃	漆	unihan:kSemanticVariant	
㯭	橹	unihan:kSemanticVariant	
㯶	棕	unihan:kSemanticVariant	
㯽	槟	unihan:kSemanticVariant	
㳄	涎	unihan:kSemanticVariant	
㴑	溯	unihan:kSemanticVariant	
㵒	沸	unihan:kSemanticVariant	
䀋	盐	unihan:kSemanticVariant	
䆫	窗	unihan:kSemanticVariant	
䊜	团	unihan:kSemanticVariant	
䋲	绳	unihan:kSemanticVariant	
䌫	缆	unihan:kSemanticVariant	
䒒	苕	unihan:kSemanticVariant	
䕌	稚	unihan:kSemanticVariant	
䕭	荨	unihan:kSemanticVariant	
䖍	虔	unihan:kSemanticVariant	
䖏	处	unihan:kSemanticVariant	
䘚	卒	unihan:kSemanticVariant	
䙝	亵	unihan:kSemanticVariant	
䜶	豇	unihan:kSemanticVariant	
䪿	囟	unihan:kSemanticVariant	
䭾	驮	unihan:kSemanticVariant	
䯌	尻	unihan:kSemanticVariant	
䯻	髻	unihan:kSemanticVariant	
䳘	鹅	unihan:kSemanticVariant	
䴸	麸	unihan:kSemanticVariant	
両	两	unihan:kSemanticVariant	
丼	井	unihan:kSpecializedSemanticVariant	
乹	干	unihan:kSemanticVariant	
亁	干	unihan:kSemanticVariant	
亊	事	unihan:kSemanticVariant	
亾	亡	unihan:kSemanticVariant	
仾	低	unihan:kSemanticVariant	
俻	备	unihan:kSemanticVariant	
倂	并	unihan:kZVariant	
倐	倏	unihan:kSemanticVariant	
倣	仿	unihan:kSemanticVariant	
値	值	unihan:kZVariant	
偁	称	unihan:kSemanticVariant	
偒	荡	unihan:kSemanticVariant	
偪	逼	unihan:kSemanticVariant	
僊	仙	unihan:kSemanticVariant	
儍	傻	unihan:kSemanticVariant	
兎	兔	unihan:kSemanticVariant	
兪	俞	unihan:kSemanticVariant	
冄	冉	unihan:kSemanticVariant	
冣	最	unihan:kSpecializedSemanticVariant	
冩	写	unihan:kSemanticVariant	
凂	浼	unihan:kSemanticVariant	
凢	凡	unihan:kSemanticVariant	
処	处	unihan:kSemanticVariant	
凴	凭	unihan:kSemanticVariant	
凾	函	unihan:kSemanticVariant	
刄	刃	unihan:kSemanticVariant	
刅	创	unihan:kSemanticVariant	
刋	刊	unihan:kSemanticVariant	
刦	劫	unihan:kSemanticVariant	
刧	劫	unihan:kSemanticVariant	
刴	剁	unihan:kSemanticVariant	
刼	劫	unihan:kSemanticVariant	
剉	锉	unihan:kSpecializedSemanticVariant	
剙	创	unihan:kSpecializedSemanticVariant	
劒	剑	unihan:kSemanticVariant	
効	效	unihan:kSemanticVariant	
勗	勖	unihan:kSemanticVariant	
匃	丐	unihan:kSemanticVariant	
匊	掬	unihan:kSemanticVariant	
匳	奁	unihan:kSemanticVariant	
卄	廿	unihan:kSemanticVariant	
厎	砥	unihan:kSemanticVariant	
厓	崖	unihan:kSemanticVariant	
厪	廑	unihan:kSemanticVariant	
厰	厂	unihan:kSemanticVariant	
叅	参	unihan:kSemanticVariant	
収	收	unihan:kSemanticVariant	
叜	叟	unihan:kSemanticVariant	
叡	睿	unihan:kSemanticVariant	
吿	告	unihan:kSemanticVariant	
呉	吴	unihan:kZVariant	
呌	叫	unihan:kSemanticVariant	
呑	吞	unihan:kSemanticVariant	
呡	吻	unihan:kSemanticVariant	
呪	咒	unihan:kSemanticVariant	
咊	和	unihan:kSemanticVariant	
咲	笑	unihan:kSemanticVariant	
咷	啕	unihan:kSemanticVariant	
唅	含	unihan:kSpecializedSemanticVariant	
唫	吟	unihan:kSemanticVariant	
啗	啖	unihan:kSemanticVariant	
喆	哲	unihan:kSemanticVariant	
喿	噪	unihan:kSemanticVariant	
嘷	嗥	unihan:kSemanticVariant	
噉	啖	unihan:kSemanticVariant	
噏	吸	unihan:kSemanticVariant	
噐	器	unihan:kSemanticVariant	
嚬	颦	unihan:kSemanticVariant	
嚵	馋	unihan:kSemanticVariant	
囓	啮	unihan:kSemanticVariant	
囘	回	unihan:kSemanticVariant	
囬	回	unihan:kSemanticVariant	
囯	国	unihan:kSemanticVariant	
圅	函	unihan:kSemanticVariant	
坋	坌	unihan:kSemanticVariant	
坵	丘	unihan:kSemanticVariant	
垜	垛	unihan:kSemanticVariant	
埇	甬	unihan:kSemanticVariant	
埜	野	unihan:kSemanticVariant	
埶	艺	unihan:kSemanticVariant	
堈	缸	unihan:kSemanticVariant	
堘	塍	unihan:kSemanticVariant	
堦	阶	unihan:kSemanticVariant	
堿	碱	unihan:kSemanticVariant	
塟	葬	unihan:kSemanticVariant	
塡	填	unihan:kZVariant	
塩	盐	unihan:kSemanticVariant	
塲	场	unihan:kSemanticVariant	
塼	砖	unihan:kSemanticVariant	
墖	塔	unihan:kSemanticVariant	
墝	硗	unihan:kSemanticVariant	
壍	堑	unihan:kSemanticVariant	
壻	婿	unihan:kSemanticVariant	
夀	寿	unihan:kSemanticVariant	
変	变	unihan:kSemanticVariant	
夘	卯	unihan:kSpecializedSemanticVariant	
夣	梦	unihan:kSemanticVariant	
奨	奖	unihan:kZVariant	
妬	妒	unihan:kSemanticVariant	
妳	奶	unihan:kSemanticVariant	
姙	妊	unihan:kSemanticVariant	
娯	娱	unihan:kZVariant	
婣	姻	unihan:kSemanticVariant	
婬	淫	unihan:kSemanticVariant	
媍	妇	unihan:kSemanticVariant	
媿	愧	unihan:kSemanticVariant	
嫰	嫩	unihan:kSpecializedSemanticVariant	
嬭	奶	unihan:kSemanticVariant	
宂	冗	unihan:kSemanticVariant	
宐	宜	unihan:kSemanticVariant	
宻	密	unihan:kSemanticVariant	
宼	寇	unihan:kSemanticVariant	
寃	冤	unihan:kSemanticVariant	
寔	实	unihan:kSemanticVariant	
寗	宁	unihan:kSemanticVariant	
寘	置	unihan:kSemanticVariant	
寳	宝	unihan:kSemanticVariant	
尃	敷	unihan:kSemanticVariant	
尅	克	unihan:kSemanticVariant	
尒	尔	unihan:kSemanticVariant	
尗	叔	unihan:kSemanticVariant	
尰	肿	unihan:kSemanticVariant	
岀	出	unihan:kSemanticVariant	
峩	峨	unihan:kSemanticVariant	
崘	仑	unihan:kSemanticVariant	
巉	崭	unihan:kSemanticVariant	
巤	鬣	unihan:kSemanticVariant	
帀	匝	unihan:kSemanticVariant	
帋	纸	unihan:kSemanticVariant	
帬	裙	unihan:kSemanticVariant	
幇	帮	unihan:kSemanticVariant	
幙	幕	unihan:kSemanticVariant	
幵	开	unihan:kSemanticVariant	
幷	并	unihan:kSemanticVariant	
廐	厩	unihan:kSemanticVariant	
廔	楼	unihan:kSemanticVariant	
廵	巡	unihan:kSemanticVariant	
廸	迪	unihan:kSemanticVariant	
廹	迫	unihan:kSemanticVariant	
廻	回	unihan:kSemanticVariant	
廼	乃	unihan:kSemanticVariant	
弍	二	unihan:kSemanticVariant	
彊	强	unihan:kSemanticVariant	
彞	彝	unihan:kSimplifiedVariant	
徃	往	unihan:kSemanticVariant	
徤	健	unihan:kSemanticVariant	
徧	遍	unihan:kSemanticVariant	
徬	彷	unihan:kSemanticVariant	
怌	怀	unihan:kSemanticVariant	
怱	匆	unihan:kSemanticVariant	
怳	恍	unihan:kSemanticVariant	
恊	勰	unihan:kSemanticVariant	
恠	怪	unihan:kSemanticVariant	
恡	吝	unihan:kSemanticVariant	
悤	匆	unihan:kSemanticVariant	
惇	敦	unihan:kSemanticVariant	
惪	德	unihan:kSemanticVariant	
愬	诉	unihan:kSemanticVariant	
愽	博	unihan:kSemanticVariant	
慙	惭	unihan:kSemanticVariant	
慽	戚	unihan:kSemanticVariant	
憇	憩	unihan:kSemanticVariant	
懽	欢	unihan:kSemanticVariant	
戯	戏	unihan:kSemanticVariant	
戸	户	unihan:kZVariant	
扞	捍	unihan:kSemanticVariant	
扵	于	unihan:kSemanticVariant	
抍	拯	unihan:kSemanticVariant	
抝	拗	unihan:kSemanticVariant	
拏	拿	unihan:kSemanticVariant	
挐	拿	unihan:kSemanticVariant	
挿	插	unihan:kZVariant	
揑	捏	unihan:kSemanticVariant	
揜	掩	unihan:kSemanticVariant	
揫	揪	unihan:kSemanticVariant	
揷	插	unihan:kZVariant	
揺	摇	unihan:kZVariant	
搃	总	unihan:kSemanticVariant	
搤	扼	unihan:kSemanticVariant	
搯	掏	unihan:kSemanticVariant	
摠	总	unihan:kSemanticVariant	
摣	揸	unihan:kSemanticVariant	
摴	舒	unihan:kSpecializedSemanticVariant	
撘	搭	unihan:kSemanticVariant	
撢	掸	unihan:kSpecializedSemanticVariant	
撦	扯	unihan:kSemanticVariant	
撽	击	unihan:kSemanticVariant	
擡	抬	unihan:kSemanticVariant	
擿	掷	unihan:kSemanticVariant	
攅	攒	unihan:kSemanticVariant	
攩	挡	unihan:kSemanticVariant	
攷	考	unihan:kSemanticVariant	
敁	掂	unihan:kSemanticVariant	
敺	驱	unihan:kSemanticVariant	
斈	学	unihan:kSemanticVariant	
斉	齐	unihan:kSemanticVariant	
斾	旆	unihan:kSemanticVariant	
旉	敷	unihan:kSemanticVariant	
旛	幡	unihan:kSemanticVariant	
旳	的	unihan:kSemanticVariant	
旹	时	unihan:kSemanticVariant	
昬	昏	unihan:kSemanticVariant	
昻	昂	unihan:kSemanticVariant	
晩	晚	unihan:kZVariant	
晳	晰	unihan:kSemanticVariant	
暎	映	unihan:kSemanticVariant	
暱	昵	unihan:kSemanticVariant	
朙	明	unihan:kSemanticVariant	
朢	望	unihan:kSemanticVariant	
朶	朵	unihan:kSemanticVariant	
杇	圬	unihan:kSemanticVariant	
杸	殳	unihan:kSemanticVariant	
枱	台	unihan:kSemanticVariant	
栁	柳	unihan:kSemanticVariant	
栢	柏	unihan:kSemanticVariant	
桼	漆	unihan:kSemanticVariant	
梹	槟	unihan:kSemanticVariant	
棃	梨	unihan:kSemanticVariant	
棐	榧	unihan:kSemanticVariant	
椀	碗	unihan:kSemanticVariant	
椶	棕	unihan:kSemanticVariant	
槀	稿	unihan:kSemanticVariant	
槖	橐	unihan:kSemanticVariant	
槩	概	unihan:kSemanticVariant	
樚	辘	unihan:kSemanticVariant	
樻	匮	unihan:kSemanticVariant	
橊	榴	unihan:kSemanticVariant	
橜	橛	unihan:kSemanticVariant	
檝	楫	unihan:kSemanticVariant	
櫂	棹	unihan:kSemanticVariant	
櫈	凳	unihan:kSemanticVariant	
櫺	棂	unihan:kSemanticVariant	
櫾	柚	unihan:kSemanticVariant	
欝	郁	unihan:kSemanticVariant	
欬	咳	unihan:kSemanticVariant	
欵	款	unihan:kSemanticVariant	
欸	唉	unihan:kSemanticVariant	
歕	喷	unihan:kSemanticVariant	
歠	啜	unihan:kSemanticVariant	
歳	岁	unihan:kSemanticVariant	
歴	历	unihan:kSemanticVariant	
殽	淆	unihan:kSemanticVariant	
毉	医	unihan:kSpecializedSemanticVariant	
毘	毗	unihan:kSemanticVariant	
氊	毡	unihan:kSemanticVariant	
汚	污	unihan:kSemanticVariant	
沍	冱	unihan:kSemanticVariant	
洿	污	unihan:kSemanticVariant	
涖	莅	unihan:kSemanticVariant	
涶	唾	unihan:kSemanticVariant	
淊	淹	unihan:kSpecializedSemanticVariant	
渰	淹	unihan:kSemanticVariant	
湏	须	unihan:kSemanticVariant	
湼	涅	unihan:kSemanticVariant	
潬	滩	unihan:kSemanticVariant	
澁	涩	unihan:kSemanticVariant	
澣	浣	unihan:kSemanticVariant	
澷	漫	unihan:kSemanticVariant	
濇	涩	unihan:kSemanticVariant	
濬	浚	unihan:kSemanticVariant	
濵	滨	unihan:kSemanticVariant	
濶	阔	unihan:kSemanticVariant	
瀁	漾	unihan:kSemanticVariant	
炁	气	unihan:kSemanticVariant	
炤	照	unihan:kSemanticVariant	
炰	炮	unihan:kSemanticVariant	
烕	灭	unihan:kSemanticVariant	
烖	灾	unihan:kSemanticVariant	
烝	蒸	unihan:kSemanticVariant	
烱	炯	unihan:kSemanticVariant	
煑	煮	unihan:kSemanticVariant	
煖	暖	unihan:kSemanticVariant	
煠	炸	unihan:kSemanticVariant	
熈	熙	unihan:kSemanticVariant	
燄	焰	unihan:kSemanticVariant	
燿	曜	unihan:kSemanticVariant	
牋	笺	unihan:kSemanticVariant	
牕	窗	unihan:kSemanticVariant	
犂	犁	unihan:kSemanticVariant	
犲	豺	unihan:kSemanticVariant	
狥	殉	unihan:kSemanticVariant	
猨	猿	unihan:kSemanticVariant	
玅	妙	unihan:kSemanticVariant	
玆	兹	unihan:kSemanticVariant	
珎	珍	unihan:kSemanticVariant	
珪	圭	unihan:kSemanticVariant	
瑇	玳	unihan:kSemanticVariant	
瑠	琉	unihan:kSemanticVariant	
瑯	琅	unihan:kSemanticVariant	
瓈	璃	unihan:kSemanticVariant	
瓟	匏	unihan:kSemanticVariant	
甆	瓷	unihan:kSemanticVariant	
甎	砖	unihan:kSemanticVariant	
甖	罂	unihan:kSemanticVariant	
甞	尝	unihan:kSemanticVariant	
甿	氓	unihan:kSemanticVariant	
畆	亩	unihan:kSemanticVariant	
畊	耕	unihan:kSemanticVariant	
畧	略	unihan:kSemanticVariant	
畱	留	unihan:kSemanticVariant	
畺	疆	unihan:kSemanticVariant	
疎	疏	unihan:kSemanticVariant	
痺	痹	unihan:kSemanticVariant	
瘉	愈	unihan:kSemanticVariant	
瘨	癫	unihan:kSemanticVariant	
皃	貌	unihan:kSemanticVariant	
皦	皎	unihan:kSemanticVariant	
皷	鼓	unihan:kSemanticVariant	
盌	碗	unihan:kSemanticVariant	
眎	视	unihan:kSemanticVariant	
瞭	了	unihan:kSimplifiedVariant	
砲	炮	unihan:kSemanticVariant	
硏	研	unihan:kZVariant	
碁	棋	unihan:kSemanticVariant	
碪	砧	unihan:kSemanticVariant	
碯	瑙	unihan:kSemanticVariant	
磇	砒	unihan:kSemanticVariant	
磥	磊	unihan:kSemanticVariant	
礶	罐	unihan:kSemanticVariant	
祇	只	unihan:kSpecializedSemanticVariant	
祐	佑	unihan:kSemanticVariant	
禂	祷	unihan:kSemanticVariant	
秌	秋	unihan:kSemanticVariant	
秔	粳	unihan:kSemanticVariant	
稉	粳	unihan:kSemanticVariant	
稬	糯	unihan:kSemanticVariant	
稭	秸	unihan:kSemanticVariant	
穅	糠	unihan:kSemanticVariant	
穉	稚	unihan:kSemanticVariant	
穤	糯	unihan:kSemanticVariant	
穪	称	unihan:kSemanticVariant	
穽	阱	unihan:kSemanticVariant	
窓	窗	unihan:kSemanticVariant	
窰	窑	unihan:kSemanticVariant	
窻	窗	unihan:kSemanticVariant	
竆	穷	unihan:kSemanticVariant	
竒	奇	unihan:kSemanticVariant	
竝	并	unihan:kSemanticVariant	
竢	俟	unihan:kSemanticVariant	
笓	篦	unihan:kSemanticVariant	
筦	管	unihan:kSemanticVariant	
筭	算	unihan:kSemanticVariant	
筯	箸	unihan:kSemanticVariant	
箒	帚	unihan:kSemanticVariant	
箖	篮	unihan:kSemanticVariant	
箠	捶	unihan:kSemanticVariant	
篴	笛	unihan:kSemanticVariant	
簁	筛	unihan:kSemanticVariant	
簒	篡	unihan:kSemanticVariant	
簷	檐	unihan:kSemanticVariant	
籄	篑	unihan:kSemanticVariant	
籐	藤	unihan:kSemanticVariant	
籥	龠	unihan:kSemanticVariant	
粃	秕	unihan:kSemanticVariant	
粧	妆	unihan:kSemanticVariant	
糓	谷	unihan:kSemanticVariant	
紥	扎	unihan:kSemanticVariant	
綂	统	unihan:kSemanticVariant	
緜	绵	unihan:kSemanticVariant	
緫	总	unihan:kSemanticVariant	
縁	缘	unihan:kSemanticVariant	
縂	总	unihan:kSemanticVariant	
繖	伞	unihan:kSemanticVariant	
纎	纤	unihan:kSemanticVariant	
缻	缶	unihan:kSemanticVariant	
缾	瓶	unihan:kSemanticVariant	
罁	缸	unihan:kSemanticVariant	
羃	幂	unihan:kSemanticVariant	
羗	羌	unihan:kSemanticVariant	
羙	美	unihan:kSemanticVariant	
羮	羹	unihan:kSemanticVariant	
翺	翱	unihan:kSemanticVariant	
耏	耐	unihan:kSemanticVariant	
耑	专	unihan:kSemanticVariant	
耤	藉	unihan:kSemanticVariant	
聦	聪	unihan:kSemanticVariant	
肈	肇	unihan:kSemanticVariant	
肎	肯	unihan:kSemanticVariant	
肐	胳	unihan:kSemanticVariant	
肕	韧	unihan:kSemanticVariant	
肧	胚	unihan:kSemanticVariant	
肬	疣	unihan:kSemanticVariant	
肳	吻	unihan:kSemanticVariant	
胑	肢	unihan:kSemanticVariant	
脃	脆	unihan:kSemanticVariant	
脇	胁	unihan:kSemanticVariant	
膓	肠	unihan:kSemanticVariant	
臈	腊	unihan:kSemanticVariant	
臕	膘	unihan:kSemanticVariant	
臙	胭	unihan:kSemanticVariant	
臝	裸	unihan:kSemanticVariant	
臞	癯	unihan:kSemanticVariant	
臯	皋	unihan:kSemanticVariant	
舃	舄	unihan:kSemanticVariant	
舖	铺	unihan:kSemanticVariant	
艶	艳	unihan:kSemanticVariant	
艸	草	unihan:kSemanticVariant	
芲	花	unihan:kSemanticVariant	
苢	苡	unihan:kSemanticVariant	
苺	莓	unihan:kSemanticVariant	
苿	茉	unihan:kZVariant	
茍	苟	unihan:kSemanticVariant	
荅	答	unihan:kSemanticVariant	
荍	荞	unihan:kSemanticVariant	
荳	豆	unihan:kSemanticVariant	
莕	荇	unihan:kSemanticVariant	
莿	刺	unihan:kSpecializedSemanticVariant	
菑	灾	unihan:kSemanticVariant	
菓	果	unihan:kSemanticVariant	
葢	盖	unihan:kSemanticVariant	
蒨	茜	unihan:kSemanticVariant	
蓺	艺	unihan:kSemanticVariant	
蔴	麻	unihan:kSemanticVariant	
蔾	藜	unihan:kSemanticVariant	
蕋	蕊	unihan:kSemanticVariant	
蕐	华	unihan:kSpecializedSemanticVariant	
蕚	萼	unihan:kSemanticVariant	
薓	参	unihan:kSpecializedSemanticVariant	
藦	蘑	unihan:kSemanticVariant	
蘂	蕊	unihan:kSemanticVariant	
蘡	樱	unihan:kSpecializedSemanticVariant	
蘤	花	unihan:kSemanticVariant	
虓	唬	unihan:kSemanticVariant	
蚘	蛔	unihan:kSemanticVariant	
蚡	鼢	unihan:kSemanticVariant	
蚦	蚺	unihan:kSemanticVariant	
蛌	蛄	unihan:kSemanticVariant	
蛕	蛔	unihan:kSemanticVariant	
蜋	螂	unihan:kSemanticVariant	
蜑	蛋	unihan:kSemanticVariant	
蜝	蜞	unihan:kSemanticVariant	
蜯	蚌	unihan:kSemanticVariant	
蝡	蠕	unihan:kSemanticVariant	
蝯	猿	unihan:kSemanticVariant	
螘	蚁	unihan:kSemanticVariant	
螾	蚓	unihan:kSemanticVariant	
蟁	蚊	unihan:kSemanticVariant	
蟺	蟮	unihan:kSemanticVariant	
蠏	蟹	unihan:kSemanticVariant	
蠩	蜍	unihan:kSemanticVariant	
蠭	蜂	unihan:kSemanticVariant	
衂	衄	unihan:kSemanticVariant	
衇	脉	unihan:kSemanticVariant	
衒	炫	unihan:kSpecializedSemanticVariant	
衞	卫	unihan:kSemanticVariant	
袠	帙	unihan:kSemanticVariant	
袴	绔	unihan:kSemanticVariant	
袵	衽	unihan:kSemanticVariant	
裌	袷	unihan:kSemanticVariant	
裠	裙	unihan:kSemanticVariant	
褺	亵	unihan:kSemanticVariant	
襍	杂	unihan:kSemanticVariant	
襜	裣	unihan:kSemanticVariant	
襢	袒	unihan:kSemanticVariant	
覇	霸	unihan:kSemanticVariant	
覊	羁	unihan:kSemanticVariant	
覔	觅	unihan:kSemanticVariant	
覩	睹	unihan:kSemanticVariant	
觔	斤	unihan:kSemanticVariant	
觕	粗	unihan:kSemanticVariant	
觧	解	unihan:kSemanticVariant	
訽	诟	unihan:kSemanticVariant	
詧	察	unihan:kSemanticVariant	
諠	喧	unihan:kSemanticVariant	
謌	歌	unihan:kSemanticVariant	
譌	讹	unihan:kSemanticVariant	
讐	仇	unihan:kSemanticVariant	
讛	呓	unihan:kSemanticVariant	
豋	登	unihan:kSemanticVariant	
豓	艳	unihan:kSemanticVariant	
豻	犴	unihan:kSemanticVariant	
貍	狸	unihan:kSemanticVariant	
貛	獾	unihan:kSemanticVariant	
貭	质	unihan:kSemanticVariant	
賔	宾	unihan:kSemanticVariant	
賛	赞	unihan:kSemanticVariant	
賸	剩	unihan:kSemanticVariant	
贒	贤	unihan:kSemanticVariant	
趂	趁	unihan:kSemanticVariant	
趦	趑	unihan:kSemanticVariant	
趯	跃	unihan:kSemanticVariant	
跙	趄	unihan:kSemanticVariant	
踦	犄	unihan:kSpecializedSemanticVariant	
蹏	蹄	unihan:kSemanticVariant	
蹷	蹶	unihan:kSpecializedSemanticVariant	
蹹	蹋	unihan:kSemanticVariant	
躭	眈	unihan:kSemanticVariant	
躶	裸	unihan:kSemanticVariant	
軄	职	unihan:kSemanticVariant	
軆	体	unihan:kSemanticVariant	
軰	辈	unihan:kSemanticVariant	
輙	辄	unihan:kSemanticVariant	
輭	软	unihan:kSemanticVariant	
轝	舆	unihan:kSemanticVariant	
辢	辣	unihan:kSemanticVariant	
辤	辞	unihan:kSemanticVariant	
迯	逃	unihan:kSemanticVariant	
迺	乃	unihan:kSemanticVariant	
逓	递	unihan:kSemanticVariant	
逷	逖	unihan:kSemanticVariant	
逿	荡	unihan:kSpecializedSemanticVariant	
遟	迟	unihan:kSemanticVariant	
遯	遁	unihan:kSemanticVariant	
遶	绕	unihan:kSemanticVariant	
邠	豳	unihan:kSemanticVariant	
邨	村	unihan:kSemanticVariant	
郞	郎	unihan:kZVariant	
郤	郄	unihan:kSemanticVariant	
郷	乡	unihan:kZVariant	
鄕	乡	unihan:kZVariant	
酔	醉	unihan:kSemanticVariant	
酖	鸩	unihan:kSemanticVariant	
酧	酬	unihan:kSemanticVariant	
醆	盏	unihan:kSemanticVariant	
醩	糟	unihan:kSemanticVariant	
鉄	铁	unihan:kSemanticVariant	
鉏	锄	unihan:kSemanticVariant	
銕	铁	unihan:kSemanticVariant	
鍳	鉴	unihan:kSemanticVariant	
鎋	辖	unihan:kSemanticVariant	
鎻	锁	unihan:kSemanticVariant	
鏁	锁	unihan:kSemanticVariant	
鑚	钻	unihan:kSemanticVariant	
鑛	矿	unihan:kSemanticVariant	
閙	闹	unihan:kSemanticVariant	
関	关	unihan:kSemanticVariant	
閧	哄	unihan:kSemanticVariant	
闗	关	unihan:kSemanticVariant	
阬	坑	unihan:kSemanticVariant	
陁	陀	unihan:kSemanticVariant	
陜	狭	unihan:kSemanticVariant	
隂	阴	unihan:kSemanticVariant	
隄	堤	unihan:kSemanticVariant	
隖	坞	unihan:kSemanticVariant	
隝	坞	unihan:kSemanticVariant	
隠	隐	unihan:kSemanticVariant	
隣	邻	unihan:kSemanticVariant	
隲	骘	unihan:kSemanticVariant	
隷	隶	unihan:kZVariant	
雝	簌	unihan:kSemanticVariant	
靭	韧	unihan:kSemanticVariant	
鞉	鼗	unihan:kSemanticVariant	
鞵	鞋	unihan:kSemanticVariant	
韈	袜	unihan:kSemanticVariant	
韮	韭	unihan:kSemanticVariant	
頋	顾	unihan:kSemanticVariant	
頟	额	unihan:kSemanticVariant	
頣	颐	unihan:kSemanticVariant	
頼	赖	unihan:kSemanticVariant	
顋	腮	unihan:kSemanticVariant	
顕	显	unihan:kSemanticVariant	
顖	囟	unihan:kSemanticVariant	
顦	憔	unihan:kSemanticVariant	
飇	飑	unihan:kSemanticVariant	
飜	翻	unihan:kSemanticVariant	
飡	餐	unihan:kSemanticVariant	
飮	饮	unihan:kZVariant	
餂	舔	unihan:kSemanticVariant	
餙	饰	unihan:kSemanticVariant	
餠	饼	unihan:kSemanticVariant	
餹	糖	unihan:kSemanticVariant	
餻	糕	unihan:kSemanticVariant	
餽	馈	unihan:kSemanticVariant	
饍	膳	unihan:kSemanticVariant	
馿	驴	unihan:kSemanticVariant	
駮	驳	unihan:kSemanticVariant	
騐	验	unihan:kSemanticVariant	
驘	骡	unihan:kSemanticVariant	
骻	胯	unihan:kSemanticVariant	
骽	腿	unihan:kSemanticVariant	
骾	鲠	unihan:kSemanticVariant	
髙	高	unihan:kSemanticVariant	
髠	髡	unihan:kSemanticVariant	
髣	彷	unihan:kSemanticVariant	
髩	鬓	unihan:kSemanticVariant	
鬂	鬓	unihan:kSemanticVariant	
鬪	斗	unihan:kSemanticVariant	
鬬	斗	unihan:kSemanticVariant	
鬭	斗	unihan:kSemanticVariant	
鬴	釜	unihan:kSemanticVariant	
鱑	鳇	unihan:kSemanticVariant	
鱓	鳝	unihan:kSemanticVariant	
鴈	雁	unihan:kSemanticVariant	
鴺	鹈	unihan:kSemanticVariant	
鵞	鹅	unihan:kSemanticVariant	
鵶	鸦	unihan:kSemanticVariant	
鵻	隼	unihan:kSemanticVariant	
鶵	雏	unihan:kSemanticVariant	
鷰	燕	unihan:kSpecializedSemanticVariant	
鸎	莺	unihan:kSemanticVariant	
鹻	碱	unihan:kSemanticVariant	
麄	粗	unihan:kSemanticVariant	
麕	麇	unihan:kSemanticVariant	
麞	獐	unihan:kSemanticVariant	
麤	粗	unihan:kSemanticVariant	
麰	牟	unihan:kSemanticVariant	
黒	黑	unihan:kZVariant	
黙	默	unihan:kSemanticVariant	
鼃	蛙	unihan:kSemanticVariant	
鼄	蛛	unihan:kSemanticVariant	
鼇	鳌	unihan:kSemanticVariant	
鼈	鳖	unihan:kSemanticVariant	
鼔	鼓	unihan:kSemanticVariant	
齅	嗅	unihan:kSemanticVariant	
﨑	崎	unihan:kSemanticVariant	
𦂳	紧	unihan:kSemanticVariant	
𩔖	类	unihan:kSemanticVariant	
